text,HumorType
When I see lovers' names carved in a tree... I don't think it's sweet. I just think it's surprising how many people bring a knife on a date.,4
What do you call a cow with 3 legs? Lean beef. What do you call a cow with no legs? Ground beef. What do you call a cow with two legs? Yo momma.,2
Hercules had a brother who was way ballsier than he was. Testicles,2
"In a crowded city at a bus stop... after you unzipped my fly three times, I kinda figured that we was friends.",3
My neighbor knocked on my door this morning at 2:30 AM! Luckily for him I was still up playing my drums,3
Three pregnant women... “I messed up the sleeves on this sweater.”,4
What's the difference between a baby and a car? A car isn't buried in my backyard,4
"Little Bobby was running through the woods... “that was a good shit post, but this punchline stinks.”",3
"Whenever I'm at the therapist's waiting room, I stand in one corner and blow air at people. Everyone hates it, but I'm a fan.",2
